<?xml version="1.0" encoding="UTF-8"?>
<project-private xmlns="http://www.netbeans.org/ns/project-private/1">
    <editor-bookmarks xmlns="http://www.netbeans.org/ns/editor-bookmarks/2" lastBookmarkId="0"/>
    <open-files xmlns="http://www.netbeans.org/ns/projectui-open-files/2">
        <group>
            <file>file:/D:/FPTU/LAB/SolvingEquation/src/Model/SuperlativeEquation.java</file>
            <file>file:/D:/FPTU/LAB/SolvingEquation/src/View/EquationSolverMain.java</file>
            <file>file:/D:/FPTU/LAB/SolvingEquation/src/Model/QuadraticEquation.java</file>
        </group>
    </open-files>
</project-private>
