<?xml version="1.0" encoding="UTF-8"?>
<project-private xmlns="http://www.netbeans.org/ns/project-private/1">
    <editor-bookmarks xmlns="http://www.netbeans.org/ns/editor-bookmarks/2" lastBookmarkId="0"/>
    <open-files xmlns="http://www.netbeans.org/ns/projectui-open-files/2">
        <group>
            <file>file:/D:/FPTU/LAB/GeographicMânge/src/model/Country.java</file>
            <file>file:/D:/FPTU/LAB/GeographicMânge/src/controller/ManageEastAsiaCountriesController.java</file>
            <file>file:/D:/FPTU/LAB/GeographicMânge/src/model/EastAsiaCountries.java</file>
            <file>file:/D:/FPTU/LAB/GeographicMânge/src/view/Main.java</file>
            <file>file:/D:/FPTU/LAB/GeographicMânge/src/view/MenuView.java</file>
        </group>
    </open-files>
</project-private>
