<?xml version="1.0" encoding="UTF-8"?>
<project-private xmlns="http://www.netbeans.org/ns/project-private/1">
    <editor-bookmarks xmlns="http://www.netbeans.org/ns/editor-bookmarks/2" lastBookmarkId="0"/>
    <open-files xmlns="http://www.netbeans.org/ns/projectui-open-files/2">
        <group>
            <file>file:/D:/FPTU/LAB/Handle_File/src/view/PersonView.java</file>
            <file>file:/D:/FPTU/LAB/Handle_File/src/model/PersonModel.java</file>
            <file>file:/D:/FPTU/LAB/Handle_File/src/view/Menu.java</file>
            <file>file:/D:/FPTU/LAB/Handle_File/src/controller/PersonController.java</file>
            <file>file:/D:/FPTU/LAB/Handle_File/src/Data/Person.java</file>
            <file>file:/D:/FPTU/LAB/Handle_File/src/Data/DataFile.java</file>
            <file>file:/D:/FPTU/LAB/Handle_File/src/main/main.java</file>
        </group>
    </open-files>
</project-private>
