<?xml version="1.0" encoding="UTF-8"?>
<project-private xmlns="http://www.netbeans.org/ns/project-private/1">
    <editor-bookmarks xmlns="http://www.netbeans.org/ns/editor-bookmarks/2" lastBookmarkId="0"/>
    <open-files xmlns="http://www.netbeans.org/ns/projectui-open-files/2">
        <group>
            <file>file:/D:/FPTU/LAB/Change_Base_Number/src/View/Menu.java</file>
            <file>file:/D:/FPTU/LAB/Change_Base_Number/src/Controller/ChangeNumbersController.java</file>
            <file>file:/D:/FPTU/LAB/Change_Base_Number/src/Model/Element.java</file>
            <file>file:/D:/FPTU/LAB/Change_Base_Number/src/View/Main.java</file>
            <file>file:/D:/FPTU/LAB/Change_Base_Number/src/View/Input.java</file>
        </group>
    </open-files>
</project-private>
