<?xml version="1.0" encoding="UTF-8"?>
<project-private xmlns="http://www.netbeans.org/ns/project-private/1">
    <editor-bookmarks xmlns="http://www.netbeans.org/ns/editor-bookmarks/2" lastBookmarkId="0"/>
    <open-files xmlns="http://www.netbeans.org/ns/projectui-open-files/2">
        <group>
            <file>file:/D:/FPTU/LAB/Nomalize%20text/src/Repository/TextRepository.java</file>
            <file>file:/D:/FPTU/LAB/Nomalize%20text/src/Model/Text.java</file>
            <file>file:/D:/FPTU/LAB/Nomalize%20text/src/util/Library.java</file>
            <file>file:/D:/FPTU/LAB/Nomalize%20text/src/Service/NormalizeTextService.java</file>
            <file>file:/D:/FPTU/LAB/Nomalize%20text/src/View/Menu.java</file>
            <file>file:/D:/FPTU/LAB/Nomalize%20text/src/Controller/NormalizeTextController.java</file>
        </group>
    </open-files>
</project-private>
