<?xml version="1.0" encoding="UTF-8"?>
<project-private xmlns="http://www.netbeans.org/ns/project-private/1">
    <editor-bookmarks xmlns="http://www.netbeans.org/ns/editor-bookmarks/2" lastBookmarkId="0"/>
    <open-files xmlns="http://www.netbeans.org/ns/projectui-open-files/2">
        <group>
            <file>file:/C:/Users/ADMIN/Documents/NetBeansProjects/Input_String/src/Common/Validation.java</file>
            <file>file:/C:/Users/ADMIN/Documents/NetBeansProjects/Input_String/src/view/AnalysisView.java</file>
            <file>file:/C:/Users/ADMIN/Documents/NetBeansProjects/Input_String/src/Run/menu.java</file>
            <file>file:/C:/Users/ADMIN/Documents/NetBeansProjects/Input_String/src/Run/main.java</file>
            <file>file:/C:/Users/ADMIN/Documents/NetBeansProjects/Input_String/src/model/AnalysisModel.java</file>
            <file>file:/C:/Users/ADMIN/Documents/NetBeansProjects/Input_String/src/controller/AnalysisController.java</file>
        </group>
    </open-files>
</project-private>
