<?xml version="1.0" encoding="UTF-8"?>
<project-private xmlns="http://www.netbeans.org/ns/project-private/1">
    <editor-bookmarks xmlns="http://www.netbeans.org/ns/editor-bookmarks/2" lastBookmarkId="0"/>
    <open-files xmlns="http://www.netbeans.org/ns/projectui-open-files/2">
        <group>
            <file>file:/D:/FPTU/LAB/Program-Dictionary/src/service/DictionaryService.java</file>
            <file>file:/D:/FPTU/LAB/Program-Dictionary/src/view/Main.java</file>
            <file>file:/D:/FPTU/LAB/Program-Dictionary/src/model/DictionaryModel.java</file>
            <file>file:/D:/FPTU/LAB/Program-Dictionary/src/util/Library.java</file>
            <file>file:/D:/FPTU/LAB/Program-Dictionary/src/data/D1.txt</file>
            <file>file:/D:/FPTU/LAB/Program-Dictionary/src/view/Menu.java</file>
            <file>file:/D:/FPTU/LAB/Program-Dictionary/src/controller/DictionaryController.java</file>
        </group>
    </open-files>
</project-private>
